"j","n","method","mean_ISE","sd_ISE","median_ISE","IQR_ISE"
1,50,"WK",0.00178729305198859,NA,0.00178729305198859,0
1,50,"LG",0.000490368492766636,NA,0.000490368492766636,0
