"n","j","method","mean_ISE","sd_ISE","median_ISE","IQR_ISE"
100,1,"WK",0.00112407716722779,NA,0.00112407716722779,0
100,1,"LG",0.00357694211760482,NA,0.00357694211760482,0
200,1,"WK",0.00177942126774662,NA,0.00177942126774662,0
200,1,"LG",0.00260547835406437,NA,0.00260547835406437,0
