"n","j","method","ISE"
100,1,"WK",0.00100617326395244
100,1,"LG",0.000779875335624978
100,1,"WK",0.000159306495930096
100,1,"LG",0.00124021916804657
