"j","n","method","ISE"
1,50,"WK",0.00178729305198859
1,50,"LG",0.000490368492766636
