"n","j","method","ISE"
100,1,"WK",0.00112407716722779
100,1,"LG",0.00357694211760482
200,1,"WK",0.00177942126774662
200,1,"LG",0.00260547835406437
