"j","n","method","ISE"
1,100,"WK",0.000986347484122869
1,100,"LG",0.00105487054405565
2,100,"WK",0.00293825005414602
2,100,"LG",0.00281182865864449
3,100,"WK",0.158571532523663
3,100,"LG",3.55593333934005e-05
4,100,"WK",0.219547178598069
4,100,"LG",0.317872896669382
5,100,"WK",0.133000982305205
5,100,"LG",0.00791467043717261
6,100,"WK",1.48659136283938e-05
6,100,"LG",5.89566019259908e-06
